{"loss": [2.875399351119995, 2.5964622497558594, 2.4330766201019287, 2.3148105144500732, 2.2375919818878174, 2.1692416667938232, 2.9623661041259766, 2.666741371154785, 2.4819836616516113, 2.3712081909179688, 1.7755564451217651, 1.7765392065048218, 1.776425838470459, 1.7725430727005005, 1.7771010398864746, 1.773727536201477, 1.774460792541504, 1.7774485349655151, 1.7742743492126465, 1.774572491645813, 2.736704111099243, 2.4655537605285645, 2.3201682567596436, 2.2272815704345703, 2.15735125541687, 2.115661144256592, 2.0659279823303223, 2.0419106483459473, 2.012768507003784, 2.0193684101104736, 1.993330955505371, 1.9845765829086304, 1.970543384552002, 1.966170310974121, 1.9628483057022095, 2.7355105876922607, 2.4137301445007324, 2.2606496810913086, 2.167689085006714, 2.074279546737671, 2.028979539871216, 1.9706485271453857, 1.9380075931549072, 1.9133714437484741, 1.8829994201660156, 1.8692485094070435, 1.850585699081421, 1.8379206657409668, 1.8274277448654175, 1.82284677028656, 1.8170326948165894, 1.8093140125274658, 1.8101115226745605, 1.806874394416809, 1.8019165992736816, 1.799485206604004, 1.797363042831421, 1.7952512502670288, 1.7917793989181519, 1.7923707962036133, 1.790353775024414, 2.7472774982452393], "accuracy": [0.1689801961183548, 0.17203736305236816, 0.1757461279630661, 0.18204401433467865, 0.1810993254184723, 0.18533290922641754, 0.1756068617105484, 0.16944824159145355, 0.17784541845321655, 0.1774255633354187, 0.2487444132566452, 0.24827682971954346, 0.24897658824920654, 0.24677233397960663, 0.24747209250926971, 0.24803191423416138, 0.24936147034168243, 0.24789196252822876, 0.24932648241519928, 0.24775199592113495, 0.1670968234539032, 0.1678037792444229, 0.1745215356349945, 0.1769707202911377, 0.17924495041370392, 0.18669745326042175, 0.18921661376953125, 0.19149084389209747, 0.1950596570968628, 0.1946048140525818, 0.20188236236572266, 0.1992582529783249, 0.20083272457122803, 0.20454147458076477, 0.20503132045269012, 0.1698172390460968, 0.1759120225906372, 0.17996159195899963, 0.18142782151699066, 0.1882352977991104, 0.1880258321762085, 0.19591552019119263, 0.1975562870502472, 0.19794030487537384, 0.2024437040090561, 0.20069819688796997, 0.20802932977676392, 0.21361494064331055, 0.2165473848581314, 0.21609355509281158, 0.22000348567962646, 0.2232152223587036, 0.22384360432624817, 0.2248210906982422, 0.2261127531528473, 0.2266014963388443, 0.2291499376296997, 0.2310001701116562, 0.23232676088809967, 0.23518939316272736, 0.23651596903800964, 0.170654296875], "val_loss": [1.8514988422393799, 1.821842908859253, 1.8030359745025635, 1.7855170965194702, 1.7828994989395142, 1.7821698188781738, 1.894499659538269, 1.8409746885299683, 1.834237813949585, 1.8188161849975586, 1.765588402748108, 1.7661632299423218, 1.7673975229263306, 1.765264630317688, 1.7656710147857666, 1.7658125162124634, 1.7685329914093018, 1.768246054649353, 1.767863154411316, 1.768886923789978, 1.882365345954895, 1.8181706666946411, 1.8185844421386719, 1.7816846370697021, 1.7863144874572754, 1.7819045782089233, 1.787081003189087, 1.7828223705291748, 1.7725757360458374, 1.7777310609817505, 1.7886735200881958, 1.7844332456588745, 1.7819714546203613, 1.7783782482147217, 1.7774467468261719, 1.8443423509597778, 1.807266354560852, 1.802598237991333, 1.7860004901885986, 1.7781647443771362, 1.776679515838623, 1.7708923816680908, 1.7732137441635132, 1.772476315498352, 1.7686480283737183, 1.7703657150268555, 1.7676783800125122, 1.7669123411178589, 1.7698829174041748, 1.7664119005203247, 1.7652034759521484, 1.7675421237945557, 1.7678234577178955, 1.7665154933929443, 1.7688401937484741, 1.764313817024231, 1.7664532661437988, 1.766954779624939, 1.766527533531189, 1.7669073343276978, 1.7664880752563477, 1.852898359298706], "val_accuracy": [0.1866629421710968, 0.1863839328289032, 0.20889915525913239, 0.21814504265785217, 0.22219011187553406, 0.2294134646654129, 0.1791294664144516, 0.1802455335855484, 0.19936434924602509, 0.22363479435443878, 0.244140625, 0.24609375, 0.24530482292175293, 0.24617162346839905, 0.2438601553440094, 0.24241548776626587, 0.23808148503303528, 0.23663681745529175, 0.2389482855796814, 0.2389482855796814, 0.1604352742433548, 0.2022879421710968, 0.18896272778511047, 0.23605893552303314, 0.24183762073516846, 0.2386593520641327, 0.23837041854858398, 0.23519213497638702, 0.2389482855796814, 0.23981508612632751, 0.2386593520641327, 0.23981508612632751, 0.2438601553440094, 0.24183762073516846, 0.24530482292175293, 0.1961495578289032, 0.2028459757566452, 0.1912056803703308, 0.22893616557121277, 0.2337588667869568, 0.2385815531015396, 0.24539007246494293, 0.2405673712491989, 0.24453900754451752, 0.24085105955600739, 0.2417021244764328, 0.24453900754451752, 0.24255318939685822, 0.24397163093090057, 0.2456737607717514, 0.24652482569217682, 0.24652482569217682, 0.24652482569217682, 0.24652482569217682, 0.24226950109004974, 0.24539007246494293, 0.2436879426240921, 0.24255318939685822, 0.2428368777036667, 0.2436879426240921, 0.24425531923770905, 0.205078125]}