{"loss": [2.875399351119995, 2.5964622497558594, 2.4330766201019287, 2.3148105144500732, 2.2375919818878174, 2.1692416667938232, 2.9623661041259766, 2.666741371154785, 2.4819836616516113, 2.3712081909179688, 1.7755564451217651, 1.7765392065048218, 1.776425838470459, 1.7725430727005005, 1.7771010398864746, 1.773727536201477, 1.774460792541504, 1.7774485349655151, 1.7742743492126465, 1.774572491645813], "accuracy": [0.1689801961183548, 0.17203736305236816, 0.1757461279630661, 0.18204401433467865, 0.1810993254184723, 0.18533290922641754, 0.1756068617105484, 0.16944824159145355, 0.17784541845321655, 0.1774255633354187, 0.2487444132566452, 0.24827682971954346, 0.24897658824920654, 0.24677233397960663, 0.24747209250926971, 0.24803191423416138, 0.24936147034168243, 0.24789196252822876, 0.24932648241519928, 0.24775199592113495], "val_loss": [1.8514988422393799, 1.821842908859253, 1.8030359745025635, 1.7855170965194702, 1.7828994989395142, 1.7821698188781738, 1.894499659538269, 1.8409746885299683, 1.834237813949585, 1.8188161849975586, 1.765588402748108, 1.7661632299423218, 1.7673975229263306, 1.765264630317688, 1.7656710147857666, 1.7658125162124634, 1.7685329914093018, 1.768246054649353, 1.767863154411316, 1.768886923789978], "val_accuracy": [0.1866629421710968, 0.1863839328289032, 0.20889915525913239, 0.21814504265785217, 0.22219011187553406, 0.2294134646654129, 0.1791294664144516, 0.1802455335855484, 0.19936434924602509, 0.22363479435443878, 0.244140625, 0.24609375, 0.24530482292175293, 0.24617162346839905, 0.2438601553440094, 0.24241548776626587, 0.23808148503303528, 0.23663681745529175, 0.2389482855796814, 0.2389482855796814]}