{"loss": [2.875399351119995, 2.5964622497558594, 2.4330766201019287, 2.3148105144500732, 2.2375919818878174, 2.1692416667938232, 2.9623661041259766, 2.666741371154785, 2.4819836616516113, 2.3712081909179688, 2.2758657932281494, 2.2100000381469727, 2.160118818283081, 2.107701063156128, 2.0879299640655518, 2.0402438640594482, 2.0235910415649414, 1.9971760511398315, 1.9773510694503784, 1.9546878337860107, 1.9333854913711548], "accuracy": [0.1689801961183548, 0.17203736305236816, 0.1757461279630661, 0.18204401433467865, 0.1810993254184723, 0.18533290922641754, 0.1756068617105484, 0.16944824159145355, 0.17784541845321655, 0.1774255633354187, 0.18057450652122498, 0.18746720254421234, 0.1888667345046997, 0.19310031831264496, 0.19023127853870392, 0.1960393339395523, 0.19845351576805115, 0.20118260383605957, 0.20492635667324066, 0.20846016705036163, 0.2132885456085205], "val_loss": [1.8514988422393799, 1.821842908859253, 1.8030359745025635, 1.7855170965194702, 1.7828994989395142, 1.7821698188781738, 1.894499659538269, 1.8409746885299683, 1.834237813949585, 1.8188161849975586, 1.8127447366714478, 1.861967921257019, 1.818898320198059, 1.8184462785720825, 1.8102525472640991, 1.7825146913528442, 1.7824277877807617, 1.7857093811035156, 1.7718747854232788, 1.7764495611190796, 1.7758814096450806], "val_accuracy": [0.1866629421710968, 0.1863839328289032, 0.20889915525913239, 0.21814504265785217, 0.22219011187553406, 0.2294134646654129, 0.1791294664144516, 0.1802455335855484, 0.19936434924602509, 0.22363479435443878, 0.20312048494815826, 0.2198786437511444, 0.22334586083889008, 0.2337474673986435, 0.23114706575870514, 0.2346142679452896, 0.23548106849193573, 0.23692575097084045, 0.243282288312912, 0.24241548776626587, 0.2444380223751068]}